variance,skewness,curtosis,entropy
3.6216,8.6661,-2.8073,-0.44699
4.5459,8.1674,-2.4586,-1.4621
3.866,-2.6383,1.9242,0.10645
3.4566,9.5228,-4.0112,-3.5944
0.32924,-4.4552,4.5718,-0.9888
-1.7104,-4.778,6.2109,0.3974
-3.8203,-13.0551,16.9583,-2.3052
-3.7181,-8.5089,12.363,-0.95518
-2.899,-0.60424,2.6045,1.3776
-0.98193,2.7956,-1.2341,-1.5668
